{"roc_auc":0.9191676670668268,"_timestamp":1.7618537307720401e+09,"_step":0,"_wandb":{"runtime":0},"_runtime":0,"accuracy":0.89,"f1_weighted":0.88996699669967}