{"_runtime":0,"_step":0,"accuracy":0.89,"f1_weighted":0.88996699669967,"roc_auc":0.9191676670668268,"_timestamp":1.7617754556398947e+09,"_wandb":{"runtime":0}}
