{"_runtime":0,"_step":0,"accuracy":0.89,"f1_weighted":0.88996699669967,"roc_auc":0.9195678271308523,"_timestamp":1.762772214576148e+09,"_wandb":{"runtime":0}}
