{"accuracy":0.89,"f1_weighted":0.88996699669967,"roc_auc":0.9195678271308523,"_wandb":{"runtime":0},"_runtime":0,"_timestamp":1.7627724271583428e+09,"_step":0}
