{
  "roc_auc": 0.9227691076430572,
  "f1": 0.8775510204081632
}
